Suburb,Population
ABBEYARD,4
ABBOTSFORD,9088
ABERFELDIE,3925
ABERFELDY,7
ACHERON,146
ADA,0
ADAMS ESTATE,83
ADDINGTON,65
ADELAIDE LEAD,85
AGNES,61
AINTREE,7982
AIRE VALLEY,0
AIREYS INLET,979
AIRLY,160
AIRPORT WEST,8173
ALBACUTYA,0
ALBANVALE,5641
ALBERT PARK,6044
ALBERTON,297
ALBERTON WEST,76
ALBION,4334
ALEXANDRA,2801
ALFREDTON,11822
ALLAMBEE,24
ALLAMBEE RESERVE,96
ALLAMBEE SOUTH,61
ALLANS FLAT,297
ALLANSFORD,1410
ALLENDALE,185
ALLESTREE,168
ALMA,195
ALMONDS,31
ALMURTA,66
ALPHINGTON,5702
ALTONA,11490
ALTONA MEADOWS,18479
ALTONA NORTH,12962
ALVIE,141
AMHERST,63
AMOR,4
AMPHITHEATRE,223
ANAKIE,734
ANCONA,99
ANDERSON,26
ANGLERS REST,31
ANGLESEA,3208
ANNUELLO,40
ANTWERP,53
APOLLO BAY,1790
APPIN,12
APPIN SOUTH,38
APSLEY,329
ARARAT,8500
ARAWATA,92
ARBUCKLE,0
ARCADIA,212
ARCADIA SOUTH,95
ARCHDALE,23
ARCHDALE JUNCTION,12
ARCHERTON,16
ARCHIES CREEK,32
ARDEER,3170
ARDMONA,497
AREEGRA,18
ARGYLE,272
ARMADALE,9368
ARMSTRONG,90
ARMSTRONG CREEK,11247
ARNOLD,56
ARNOLD WEST,19
ARTHURS CREEK,478
ARTHURS SEAT,414
ASCOT (BALLARAT - VIC.),93
ASCOT (GREATER BENDIGO - VIC.),2571
ASCOT VALE,15197
ASHBOURNE,242
ASHBURTON,7952
ASHWOOD,7154
ASPENDALE,7285
ASPENDALE GARDENS,6427
ATHLONE,147
ATTWOOD,3309
AUBREY,3
AUCHMORE,5
AVALON,255
AVENEL,1112
AVOCA,1356
AVON PLAINS,8
AVONDALE HEIGHTS,12388
AVONMORE,42
AVONSLEIGH,844
AXE CREEK,452
AXEDALE,984
AYRFORD,39
BACCHUS MARSH,7808
BADDAGINNIE,347
BADGER CREEK,1610
BAEL BAEL,10
BAGSHOT,355
BAGSHOT NORTH,39
BAHGALLAH,56
BAILIESTON,120
BAIRNSDALE,7905
BAKERY HILL,180
BALACLAVA,5392
BALD HILLS,114
BALINTORE,59
BALLAN,3392
BALLANGEICH,71
BALLAPUR,19
BALLARAT CENTRAL,5378
BALLARAT EAST,5937
BALLARAT NORTH,4041
BALLENDELLA,120
BALLIANG,254
BALLIANG EAST,199
BALLYROGAN,77
BALMATTUM,135
BALMORAL,281
BALNARRING,2371
BALNARRING BEACH,471
BALOOK,9
BALWYN,13495
BALWYN NORTH,21302
BAMAWM,491
BAMAWM EXTENSION,282
BAMBRA,115
BAMGANIE,44
BANDIANA,855
BANGERANG,62
BANGHOLME,749
BANNERTON,78
BANNOCKBURN,6470
BANYAN,22
BANYENA,27
BARANDUDA,3041
BARFOLD,82
BARINGHUP,185
BARINGHUP WEST,11
BARJARG,141
BARKERS CREEK,487
BARKLY,49
BARKSTEAD,41
BARMAH,229
BARNADOWN,12
BARNAWARTHA,987
BARNAWARTHA NORTH,188
BAROMI,149
BARONGAROOK,458
BARONGAROOK WEST,291
BARRABOOL,247
BARRAKEE,22
BARRAMUNGA,11
BARRAPORT,45
BARRAPORT WEST,5
BARRYS REEF,39
BARUNAH PARK,33
BARUNAH PLAINS,10
BARWIDGEE,96
BARWITE,269
BARWON DOWNS,136
BARWON HEADS,4353
BASALT,23
BASS,405
BATESFORD,1141
BATHUMI,76
BAW BAW,0
BAW BAW VILLAGE,30
BAXTER,2166
BAYINDEEN,22
BAYLES,445
BAYNTON,95
BAYSWATER,12262
BAYSWATER NORTH,9014
BEACONSFIELD,7267
BEACONSFIELD UPPER,2997
BEALIBA,213
BEARII,167
BEARS LAGOON,53
BEAUCHAMP,44
BEAUFORT,1712
BEAUMARIS,13947
BEAZLEYS BRIDGE,24
BEEAC,394
BEECH FOREST,125
BEECHWORTH,4274
BEENAK,17
BELGRAVE,3894
BELGRAVE HEIGHTS,1398
BELGRAVE SOUTH,1670
BELL PARK,5602
BELL POST HILL,5083
BELLARINE,169
BELLBIRD CREEK,5
BELLBRAE,1346
BELLBRIDGE,393
BELLELLEN,59
BELLFIELD (BANYULE - VIC.),1996
BELLFIELD (NORTHERN GRAMPIANS - VIC.),0
BELLS BEACH,151
BELMONT,15066
BEMM RIVER,72
BENA,303
BENALLA,10822
BENAMBRA,173
BENAYEO,69
BEND OF ISLANDS,267
BENDIGO,5652
BENDOC,109
BENGWORDEN,93
BENJEROOP,56
BENLOCH,138
BENNISON,42
BENTLEIGH,17921
BENTLEIGH EAST,30159
BENWERRIN,9
BEREMBOKE,165
BERRIMAL,52
BERRINGA,194
BERRINGAMA,35
BERRIWILLOCK,180
BERRYBANK,37
BERRYS CREEK,174
BERWICK,50298
BESSIEBELLE,113
BET BET,135
BETE BOLONG,84
BETE BOLONG NORTH,13
BETHANGA,485
BETLEY,101
BEULAH,312
BEVERFORD,337
BEVERIDGE,4642
BIG DESERT,8
BIG HILL (GREATER BENDIGO - VIC.),281
BIG HILL (SURF COAST - VIC.),38
BIG PATS CREEK,60
BIGGARA,61
BILLABONG,0
BIMBOURIE,11
BINDI,49
BINGINWARRI,134
BINGO MUNJIE,8
BIRCHIP,694
BIRCHIP WEST,9
BIRDWOODTON,748
BIRREGURRA,942
BITTERN,4276
BLACK HILL,2124
BLACK RANGE,274
BLACK ROCK,6389
BLACKBURN,14478
BLACKBURN NORTH,7627
BLACKBURN SOUTH,10939
BLACKWARRY,38
BLACKWOOD,387
BLAIRGOWRIE,2786
BLAKEVILLE,43
BLAMPIED,237
BLIND BIGHT,1290
BLOWHARD,82
BO PEEP,25
BOBINAWARRAH,100
BOCHARA,84
BOGONG,8
BOHO,88
BOHO SOUTH,93
BOIGBEAT,19
BOINKA,14
BOISDALE,307
BOLANGUM,4
BOLINDA,185
BOLTON,15
BOLWARRA,647
BOLWARRAH,48
BONA VISTA,107
BONANG,52
BONBEACH,6855
BONEGILLA,610
BONEO,314
BONN,48
BONNIE BROOK,333
BONNIE DOON,666
BONSHAW,949
BOOKAAR,159
BOOLA,0
BOOLARONG,5
BOOLARRA,1023
BOOLARRA SOUTH,147
BOOLE POOLE,9
BOOLITE,38
BOOMAHNOOMOONAH,14
BOONAH,18
BOORCAN,142
BOORHAMAN,135
BOORHAMAN EAST,13
BOORHAMAN NORTH,53
BOOROLITE,166
BOOROOL,54
BOORT,940
BOOSEY,108
BORALMA,79
BORNES HILL,33
BORONIA,23607
BORUNG,59
BOSTOCKS CREEK,85
BOTANIC RIDGE,6739
BOUNDARY BEND,154
BOWENVALE,209
BOWEYA,51
BOWEYA NORTH,42
BOWMANS FOREST,106
BOWSER,44
BOX HILL,14353
BOX HILL NORTH,12337
BOX HILL SOUTH,8491
BOXWOOD,19
BRADFORD,12
BRADVALE,46
BRAESIDE,25
BRANDY CREEK,94
BRANXHOLME,304
BRAVINGTON,14
BRAYBROOK,9682
BREAKAWAY CREEK,39
BREAKWATER,1060
BREAMLEA,151
BRENANAH,29
BREWSTER,47
BRIAGOLONG,1133
BRIAR HILL,3220
BRIDGE CREEK,117
BRIDGEWATER,133
BRIDGEWATER NORTH,54
BRIDGEWATER ON LODDON,341
BRIGHT,2620
BRIGHTON,23252
BRIGHTON EAST,16757
BRIM,181
BRIMBOAL,11
BRIMIN,56
BRIMPAEN,80
BRINGALBERT,6
BRIT BRIT,42
BROADFORD,4592
BROADMEADOWS,12524
BROADWATER,75
BRODRIBB RIVER,29
BROKEN CREEK,45
BROMLEY,46
BROOKFIELD,10782
BROOKLYN,1979
BROOKVILLE,16
BROOMFIELD,213
BROUGHTON,65
BROWN HILL,4489
BROWNS PLAINS,99
BRUARONG,114
BRUCKNELL,127
BRUMBY,0
BRUNSWICK,24896
BRUNSWICK EAST,13279
BRUNSWICK WEST,14746
BRUTHEN,820
BUANGOR,112
BUCHAN,201
BUCHAN SOUTH,102
BUCKLAND,156
BUCKLEY,228
BUCKLEY SWAMP,21
BUCKRABANYULE,52
BUDGEE BUDGEE,0
BUDGEREE,146
BUDGERUM EAST,0
BUFFALO,284
BUFFALO RIVER,285
BULART,104
BULDAH,5
BULGA,0
BULGANA,19
BULLA,668
BULLAHARRE,19
BULLAROOK,77
BULLARTO,89
BULLARTO SOUTH,48
BULLEEN,11219
BULLENGAROOK,714
BULLIOH,63
BULLUMWAAL,45
BULN BULN,551
BULN BULN EAST,182
BUMBERRAH,101
BUNBARTHA,313
BUNDALAGUAH,229
BUNDALONG,512
BUNDALONG SOUTH,42
BUNDARA,0
BUNDING,61
BUNDOORA,28068
BUNG BONG,63
BUNGADOR,65
BUNGAL,32
BUNGALALLY,93
BUNGAREE,302
BUNGEET,29
BUNGEET WEST,44
BUNGIL,0
BUNGULUKE,18
BUNINYONG,3797
BUNKERS HILL,270
BUNYIP,3131
BUNYIP NORTH,95
BURAGWONDUC,0
BURKES BRIDGE,14
BURKES FLAT,20
BURNBANK,47
BURNEWANG,37
BURNLEY,794
BURNSIDE,5800
BURNSIDE HEIGHTS,6377
BURRAMBOOT,36
BURRAMINE,241
BURRAMINE SOUTH,24
BURROWYE,24
BURRUMBEET,249
BURWOOD,15147
BURWOOD EAST,10675
BUSHFIELD,596
BUSHY PARK,49
BUTCHERS RIDGE,7
BUXTON,591
BYADUK,129
BYADUK NORTH,134
BYAWATHA,160
BYLANDS,117
BYRNESIDE,161
CABARITA,482
CABBAGE TREE,10
CABBAGE TREE CREEK,52
CADELLO,25
CAIRNLEA,10038
CALDER PARK,0
CALDERMEADE,181
CALIFORNIA GULLY,4476
CALIVIL,178
CALLAWADDA,45
CALLIGNEE,391
CALLIGNEE NORTH,42
CALLIGNEE SOUTH,10
CALROSSIE,30
CALULU,186
CAMBARVILLE,0
CAMBERWELL,21965
CAMBRIAN HILL,292
CAMPBELLFIELD,4977
CAMPBELLS BRIDGE,21
CAMPBELLS CREEK,2071
CAMPBELLS FOREST,50
CAMPBELLTOWN,51
CAMPERDOWN,3354
CANADIAN,4098
CANARY ISLAND,4
CANIAMBO,82
CANN RIVER,197
CANNIE,16
CANNONS CREEK,650
CANNUM,45
CANTERBURY,7800
CAPE BRIDGEWATER,151
CAPE CLEAR,148
CAPE CONRAN,5
CAPE OTWAY,34
CAPE PATERSON,1111
CAPE SCHANCK,569
CAPE WOOLAMAI,2301
CAPEL SOUND,5246
CAPELS CROSSING,54
CARAG CARAG,61
CARALULUP,3
CARAMUT,256
CARAPOOEE,60
CARAPOOEE WEST,40
CARAPOOK,67
CARBOOR,97
CARDIGAN,1064
CARDIGAN VILLAGE,957
CARDINIA,342
CARDROSS,847
CARGERIE,38
CARINA,26
CARINGAL,16
CARISBROOK,1192
CARLISLE RIVER,168
CARLSRUHE,382
CARLTON,16055
CARLTON NORTH,6177
CARLYLE,82
CARNEGIE,17909
CARNGHAM,171
CAROLINE SPRINGS,24488
CARPENDEIT,115
CARRAJUNG,100
CARRAJUNG LOWER,129
CARRAJUNG SOUTH,42
CARRANBALLAC,43
CARRON,18
CARRUM,4239
CARRUM DOWNS,21976
CARWARP,68
CASHMORE,197
CASSILIS,21
CASTELLA,257
CASTERTON,1673
CASTLE CREEK,85
CASTLE DONNINGTON,139
CASTLEMAINE,7506
CATANI,297
CATHCART,110
CATHKIN,27
CATUMNAL,14
CAULFIELD,5748
CAULFIELD EAST,1293
CAULFIELD NORTH,16903
CAULFIELD SOUTH,12328
CAVEAT,59
CAVENDISH,366
CERES,266
CHADSTONE,9552
CHANDLERS CREEK,0
CHAPEL FLAT,0
CHAPPLE VALE,42
CHARAM,42
CHARLEMONT,2612
CHARLEROI,82
CHARLTON,1095
CHATSWORTH,49
CHELSEA,8347
CHELSEA HEIGHTS,5393
CHELTENHAM,23992
CHEPSTOWE,60
CHEROKEE,68
CHERRYPOOL,3
CHESHUNT,213
CHESHUNT SOUTH,0
CHESNEY VALE,204
CHETWYND,85
CHEWTON,763
CHEWTON BUSHLANDS,50
CHILDERS,91
CHILLINGOLLAH,3
CHILTERN,1580
CHILTERN VALLEY,77
CHINANGIN,3
CHINKAPOOK,17
CHINTIN,111
CHIRNSIDE PARK,11779
CHIRRIP,8
CHOCOLYN,61
CHRISTMAS HILLS,365
CHUM CREEK,981
CHURCHILL,4924
CHURCHILL ISLAND,0
CHUTE,13
CLARENDON,163
CLARETOWN,35
CLARINDA,7441
CLARKEFIELD,303
CLARKES HILL,75
CLAYTON,18988
CLAYTON SOUTH,13381
CLEAR LAKE,57
CLEMATIS,352
CLIFTON CREEK,252
CLIFTON HILL,6606
CLIFTON SPRINGS,7646
CLONBINANE,347
CLOVER FLAT,15
CLOVERLEA,178
CLUB TERRACE,25
CLUNES,1844
CLYDE,11177
CLYDE NORTH,31681
CLYDEBANK,133
CLYDESDALE,62
COALVILLE,55
COBAINS,245
COBAW,104
COBBANNAH,0
COBBERAS,0
COBBLEBANK,3601
COBDEN,1804
COBRAM,6148
COBRAM EAST,232
COBRICO,72
COBUNGRA,58
COBURG,26574
COBURG NORTH,8327
COCAMBA,4
COCHRANES CREEK,9
COCKATOO,4408
COCOROC,0
CODRINGTON,37
COGHILLS CREEK,80
COHUNA,2415
COIMADAI,409
COKUM,0
COLAC,9243
COLAC COLAC,61
COLAC EAST,168
COLAC WEST,89
COLBINABBIN,285
COLBROOK,41
COLDSTREAM,2199
COLERAINE,1062
COLIGNAN,305
COLLINGWOOD,9179
COMBIENBAR,7
CONCONGELLA,146
CONDAH,104
CONGUPNA,620
CONNEWARRE,953
CONNEWIRRICOO,23
COOJAR,38
COOLAROO,3193
COOMA,94
COOMBOONA,134
COOMOORA,308
COONGULLA,229
COONOOER BRIDGE,30
COONOOER WEST,18
COORIEMUNGLE,311
COPE COPE,42
CORA LYNN,220
CORACK,33
CORACK EAST,10
CORAGULAC,171
CORAL BANK,88
CORINDHAP,131
CORINELLA,1181
CORIO,15497
CORNDALE,27
CORNELLA,43
CORNISHTOWN,94
CORONET BAY,1108
COROP,161
COROROOKE,358
CORRINGLE,17
CORRYONG,1352
CORUNNUN,119
COSGROVE,50
COSGROVE SOUTH,53
COSTERFIELD,70
COTSWOLD,20
COTTLES BRIDGE,609
COWA,0
COWANGIE,33
COWES,6593
COWLEYS CREEK,34
COWWARR,389
CRAIGIE,62
CRAIGIEBURN,65178
CRANBOURNE,21281
CRANBOURNE EAST,24679
CRANBOURNE NORTH,24683
CRANBOURNE SOUTH,3241
CRANBOURNE WEST,19969
CREEK JUNCTION,34
CREEK VIEW,39
CREIGHTONS CREEK,162
CREMORNE,2158
CRESSY,176
CRESWICK,3279
CRESWICK NORTH,55
CRIB POINT,3343
CROOKAYAN,0
CROOKED RIVER,5
CROSS ROADS,27
CROSSLEY,235
CROSSOVER,161
CROWLANDS,72
CROXTON EAST,70
CROYDON,28608
CROYDON HILLS,4839
CROYDON NORTH,8092
CROYDON SOUTH,4759
CRYMELON,15
CUDGEE,311
CUDGEWA,254
CULGOA,86
CULLA,31
CULLEN,36
CULLULLERAINE,81
CUNDARE,15
CUNDARE NORTH,10
CURDIES RIVER,25
CURDIEVALE,125
CURLEWIS,4175
CURYO,20
DADSWELLS BRIDGE,69
DAISY HILL,398
DALES CREEK,403
DALLAS,6762
DALMORE,142
DALTONS BRIDGE,57
DALYENONG,0
DALYSTON,843
DANDENONG,30127
DANDENONG NORTH,22550
DANDENONG SOUTH,125
DANDONGADALE,8
DARGO,105
DARLEY,9190
DARLIMURLA,46
DARLINGTON,84
DARNUM,759
DARRAWEIT GUIM,402
DARRIMAN,12
DARTMOOR,299
DARTMOUTH,130
DAWSON,40
DAYLESFORD,2781
DEAN,132
DEANS MARSH,368
DEANSIDE,654
DEDDICK VALLEY,12
DEDERANG,198
DEEP LEAD,210
DEEPDENE,2101
DEER PARK,18145
DELACOMBE,5408
DELAHEY,8077
DELATITE,13
DELBURN,37
DELEGATE RIVER,41
DENICULL CREEK,19
DENISON,453
DENNINGTON,1994
DENVER,148
DEPTFORD,0
DERBY,18
DEREEL,664
DERGHOLM,57
DERRIMUT,8651
DERRINAL,99
DERRINALLUM,386
DEVENISH,208
DEVILS RIVER,14
DEVON MEADOWS,1551
DEVON NORTH,352
DEWHURST,151
DHURRINGILE,369
DIAMOND CREEK,12503
DIGBY,122
DIGGERS REST,5669
DIGGORA,78
DIMBOOLA,1635
DINGEE,195
DINGLEY VILLAGE,10495
DINGWALL,99
DINNER PLAIN,128
DIXIE,148
DIXONS CREEK,344
DOBIE,33
DOCKER,106
DOCKERS PLAINS,59
DOCKLANDS,15495
DOCTORS FLAT,13
DOLLAR,61
DON VALLEY,586
DONALD,1472
DONCASTER,25020
DONCASTER EAST,30926
DONNYBROOK,2100
DONVALE,12644
DOOBOOBETIC,13
DOOEN,250
DOOKIE,333
DOOKIE COLLEGE,51
DOREEN,27122
DORODONG,21
DOUBLE BRIDGES,0
DOUGLAS,74
DOVETON,9603
DREEITE,77
DREEITE SOUTH,28
DRIFFIELD,101
DRIK DRIK,46
DROMANA,6626
DROPMORE,19
DROUIN,15287
DROUIN EAST,177
DROUIN SOUTH,343
DROUIN WEST,361
DRUMANURE,41
DRUMBORG,160
DRUMCONDRA,571
DRUMMARTIN,42
DRUMMOND,294
DRUMMOND NORTH,203
DRUNG,119
DRY DIGGINGS,41
DRYSDALE,4976
DUCHEMBEGARRA,47
DUMBALK,455
DUMBALK NORTH,90
DUMOSA,18
DUNACH,83
DUNDONNELL,52
DUNKELD,688
DUNLUCE,36
DUNNEWORTHY,15
DUNNSTOWN,259
DUNOLLY,899
DUNROBIN,70
DURDIDWARRAH,12
DURHAM LEAD,408
DURHAM OX,60
DUTSON,32
DUTSON DOWNS,0
DUTTON WAY,91
DUVERNEY,23
EAGLE POINT,1306
EAGLEHAWK,5538
EAGLEHAWK NORTH,13
EAGLEMONT,3960
EARLSTON,82
EAST BAIRNSDALE,1352
EAST BENDIGO,2246
EAST GEELONG,4012
EAST MELBOURNE,4896
EAST SALE,210
EAST WANGARATTA,66
EAST WARBURTON,906
EASTERN VIEW,47
EASTVILLE,13
EASTWOOD,2855
EBDEN,110
ECHUCA,15056
ECHUCA VILLAGE,577
ECHUCA WEST,442
ECKLIN SOUTH,222
EDDINGTON,113
EDEN PARK,1194
EDENHOPE,937
EDGECOMBE,103
EDI,60
EDI UPPER,109
EDITHVALE,6276
EGANSTOWN,206
EILDON,944
ELAINE,232
ELDORADO,382
ELEVATED PLAINS,39
ELINGAMITE,57
ELINGAMITE NORTH,118
ELIZABETH ISLAND,0
ELLASWOOD,206
ELLERSLIE,157
ELLIMINYT,3260
ELLINBANK,229
ELMHURST,185
ELMORE,847
ELPHINSTONE,633
ELSTERNWICK,10887
ELTHAM,18847
ELTHAM NORTH,6830
ELWOOD,15153
EMERALD,5890
EMU,37
EMU CREEK,376
ENDEAVOUR HILLS,24455
ENFIELD,574
ENGLEFIELD,23
ENOCHS POINT,3
ENSAY,155
ENSAY NORTH,29
EPPALOCK,746
EPPING,33489
EPSOM,5014
ERCILDOUNE,90
ERICA,184
ERRINUNDRA,0
ESKDALE,238
ESMOND,17
ESSENDON,21240
ESSENDON FIELDS,13
ESSENDON NORTH,3071
ESSENDON WEST,1559
EUMEMMERRING,2285
EURACK,43
EUREKA,633
EUROA,3508
EUROBIN,239
EVANSFORD,147
EVERSLEY,14
EVERTON,193
EVERTON UPPER,154
EXFORD,133
EYNESBURY,2838
FAIRBANK,52
FAIRFIELD,6535
FAIRHAVEN,390
FAIRLEY,14
FAIRY DELL (CAMPASPE - VIC.),93
FAIRY DELL (EAST GIPPSLAND - VIC.),0
FALLS CREEK,326
FARADAY,194
FAWCETT,82
FAWKNER,14274
FENTONS CREEK,27
FERGUSON,13
FERN HILL,125
FERNBANK,194
FERNDALE,48
FERNIHURST,32
FERNSHAW,0
FERNTREE GULLY,27398
FERNY CREEK,1524
FIERY FLAT,28
FINGAL,637
FISH CREEK,858
FISH POINT,11
FISKVILLE,18
FITZROY,10431
FITZROY NORTH,12781
FLAGGY CREEK,104
FLAGSTAFF,97
FLAMINGO BEACH,0
FLEMINGTON,7025
FLINDERS,1130
FLORA HILL,3989
FLOWERDALE,790
FLYNN,188
FLYNNS CREEK,12
FOOTSCRAY,17131
FORBES,158
FOREST HILL,10780
FORGE CREEK,346
FORREST,257
FOSTER,2044
FOSTER NORTH,152
FOSTERVILLE,57
FOXHOW,31
FRAMLINGHAM,169
FRAMLINGHAM EAST,25
FRANKLINFORD,71
FRANKSTON,37331
FRANKSTON NORTH,5711
FRANKSTON SOUTH,18801
FRASER RISE,9097
FREEBURGH,136
FRENCH ISLAND,141
FRENCHMANS,7
FRESHWATER CREEK,454
FRYERSTOWN,232
FULHAM,994
FUMINA,11
FUMINA SOUTH,65
FYANS CREEK,47
FYANSFORD,1206
GAFFNEYS CREEK,3
GAINSBOROUGH,61
GANNAWARRA,110
GAPSTED,156
GARDENVALE,1019
GARFIELD,2114
GARFIELD NORTH,236
GARIBALDI,131
GARVOC,248
GATEWAY ISLAND,0
GATUM,35
GAZETTE,42
GEELONG,5811
GEELONG WEST,7345
GELANTIPY,23
GELLIBRAND,230
GELLIBRAND LOWER,19
GELLIONDALE,43
GEMBROOK,2559
GENOA,66
GENTLE ANNIE,0
GEORGES CREEK,75
GERAHMIN,11
GERANG GERUNG,65
GERANGAMETE,112
GERMANIA,17
GERMANTOWN,0
GERRIGERRUP,31
GHERANG,391
GHERINGHAP,132
GHIN GHIN,64
GIFFARD,73
GIFFARD WEST,72
GIL GIL,23
GILDEROY,62
GILLIESTON,45
GILLUM,0
GIPSY POINT,31
GIRGARRE,563
GIRGARRE EAST,143
GISBORNE,10142
GISBORNE SOUTH,854
GLADFIELD,32
GLADSTONE PARK,8213
GLADYSDALE,423
GLEN ALVIE,182
GLEN CREEK,59
GLEN FORBES,118
GLEN HUNTLY,4905
GLEN IRIS,26131
GLEN PARK,110
GLEN VALLEY,23
GLEN WAVERLEY,42642
GLEN WILLS,4
GLENAIRE,33
GLENALADALE,48
GLENALBYN,21
GLENAROUA,208
GLENBRAE,30
GLENBURN,443
GLENDARUEL,49
GLENDONALD,12
GLENFALLOCH,0
GLENFYNE,131
GLENGARRY,1113
GLENGARRY NORTH,215
GLENGARRY WEST,155
GLENGOWER,15
GLENHOPE,66
GLENHOPE EAST,17
GLENISLA,23
GLENLEE,71
GLENLOFTY,11
GLENLOGIE,29
GLENLOTH,7
GLENLOTH EAST,14
GLENLUCE,17
GLENLYON,431
GLENMAGGIE,279
GLENMORE,75
GLENORCHY,131
GLENORMISTON NORTH,63
GLENORMISTON SOUTH,123
GLENPATRICK,13
GLENROWAN,1049
GLENROWAN WEST,75
GLENROY,23792
GLENTHOMPSON,256
GLOMAR BEACH,21
GNARWARRE,297
GNOTUK,120
GOBARUP,45
GOBUR,102
GOLDEN BEACH,356
GOLDEN GULLY,213
GOLDEN POINT (BALLARAT - VIC.),2217
GOLDEN POINT (MOUNT ALEXANDER - VIC.),102
GOLDEN SQUARE,9220
GOLDIE,253
GOLDSBOROUGH,37
GONG GONG,6
GONN CROSSING,50
GOOMALIBEE,91
GOON NURE,137
GOONGERAH,31
GOORAM,141
GOORAMADDA,62
GOORAMBAT,269
GOORNONG,718
GOOROC,19
GORAE,236
GORAE WEST,237
GORDON,1393
GORMANDALE,324
GOROKE,295
GOSCHEN,35
GOUGHS BAY,328
GOULBURN WEIR,90
GOWANBRAE,2971
GOWANFORD,8
GOWANGARDIE,18
GOWAR EAST,23
GOWER,45
GRAHAMVALE,685
GRAMPIANS,0
GRAND RIDGE,10
GRANGEFIELDS,132
GRANITE ROCK,261
GRANTVILLE,1168
GRANYA,88
GRASSDALE,54
GRASSMERE,385
GRAYS BRIDGE,0
GRAYTOWN,60
GRE GRE,10
GRE GRE NORTH,13
GRE GRE SOUTH,19
GREAT WESTERN,425
GREDGWIN,13
GREEN GULLY,71
GREENDALE,623
GREENHILL,60
GREENS CREEK,52
GREENSBOROUGH,21070
GREENVALE,21274
GREENWALD,58
GRENVILLE,113
GRETA,86
GRETA SOUTH,131
GRETA WEST,157
GREY RIVER,4
GRINGEGALGONA,44
GRITJURK,61
GROVEDALE,14869
GRUYERE,966
GUILDFORD,330
GUNBOWER,578
GUNDOWRING,208
GUNYAH,0
GUYS FOREST,20
GUYS HILL,388
GYMBOWEN,60
HADDON,1276
HADFIELD,6269
HALLAM,11355
HALLORA,136
HALLS GAP,495
HALLSTON,157
HAMILTON,10346
HAMLYN HEIGHTS,6518
HAMPTON,13518
HAMPTON EAST,5069
HAMPTON PARK,26082
HANSONVILLE,155
HAPPY VALLEY (GOLDEN PLAINS - VIC.),87
HAPPY VALLEY (SWAN HILL - VIC.),75
HARCOURT,1038
HARCOURT NORTH,291
HARKAWAY,1011
HARKNESS,12463
HARMERS HAVEN,62
HARRIETVILLE,488
HARROW,184
HARSTON,167
HASTINGS,10369
HATTAH,27
HAVELOCK,83
HAVEN,1443
HAVILAH,22
HAWKESDALE,311
HAWKHURST,6
HAWTHORN,22322
HAWTHORN EAST,14834
HAZEL PARK,55
HAZELWOOD,189
HAZELWOOD NORTH,1552
HAZELWOOD SOUTH,289
HEALESVILLE,7589
HEATH HILL,189
HEATHCOTE,2962
HEATHCOTE JUNCTION,811
HEATHCOTE SOUTH,22
HEATHERTON,2826
HEATHMERE,238
HEATHMONT,9933
HEDLEY,108
HEIDELBERG,7360
HEIDELBERG HEIGHTS,6758
HEIDELBERG WEST,5252
HENSLEY PARK,75
HENTY,75
HEPBURN,631
HEPBURN SPRINGS,368
HERNE HILL,3507
HERNES OAK,365
HESKET,178
HESSE,14
HEXHAM,130
HEYFIELD,2050
HEYTESBURY LOWER,39
HEYWOOD,1815
HIAMDALE,36
HIAWATHA,18
HIGH CAMP,122
HIGHETT,12016
HIGHLANDS,151
HIGHTON,20736
HILGAY,29
HILL END,171
HILLCREST,99
HILLDENE,330
HILLSIDE (EAST GIPPSLAND - VIC.),290
HILLSIDE (MELTON - VIC.),17331
HINNOMUNJIE,21
HMAS CERBERUS,1124
HODDLES CREEK,676
HOLLANDS LANDING,28
HOMEBUSH,31
HOMERTON,36
HOMEWOOD,70
HOPETOUN,694
HOPETOUN PARK,914
HOPPERS CROSSING,37216
HORDERN VALE,44
HORFIELD,93
HORSHAM,15134
HOTHAM HEIGHTS,128
HOTSPUR,34
HOWES CREEK,67
HOWITT PLAINS,0
HOWQUA,158
HOWQUA HILLS,5
HOWQUA INLET,63
HUGHESDALE,7563
HUMEVALE,352
HUNTER,23
HUNTERSTON,20
HUNTINGDALE,1949
HUNTLY,3585
HUNTLY NORTH,46
HUON,206
HUON CREEK,320
HURSTBRIDGE,3554
ICY CREEK,28
IGUANA CREEK,51
ILLABAROOK,41
ILLAWARRA,80
ILLOWA,304
INDENTED HEAD,1391
INDIGO VALLEY,346
INGLEWOOD,886
INGLISTON,96
INVERGORDON,601
INVERLEIGH,1746
INVERLOCH,6526
INVERMAY,900
INVERMAY PARK,1692
IONA,240
IRAAK,118
IRISHTOWN,16
IRONBARK,1163
IRREWARRA,365
IRREWILLIPE,100
IRREWILLIPE EAST,84
IRYMPLE,5977
IVANHOE,13374
IVANHOE EAST,3762
JACANA,2187
JACK RIVER,161
JACKASS FLAT,1907
JACOB CREEK,28
JAM JERRUP,106
JAMIESON,382
JAN JUC,4151
JANCOURT,16
JANCOURT EAST,185
JARKLIN,49
JARRAHMOND,117
JARVIS CREEK,46
JEERALANG,76
JEERALANG JUNCTION,584
JEETHO,124
JEFFCOTT,34
JEFFCOTT NORTH,18
JEPARIT,476
JERICHO,0
JERUK,6
JIL JIL,17
JINDIVICK,584
JOEL JOEL,17
JOEL SOUTH,26
JOHANNA,85
JOHNSONVILLE,326
JOYCES CREEK,20
JUMBUK,42
JUMBUNNA,150
JUNCTION VILLAGE,1051
JUNGABURRA,0
JUNORTOUN,3862
KAARIMBA,93
KADNOOK,41
KALIMNA,1350
KALIMNA WEST,161
KALKALLO,5548
KALKEE,48
KALLISTA,1418
KALORAMA,1277
KALPIENUNG,28
KAMAROOKA,89
KAMAROOKA NORTH,9
KANAGULK,28
KANCOONA,74
KANGAROO FLAT,11328
KANGAROO GROUND,1208
KANIVA,891
KANUMBRA,53
KANYA,17
KANYAPELLA,51
KARABEAL,29
KARDELLA,169
KARDELLA SOUTH,135
KARIAH,94
KARNAK,9
KARRAMOMUS,40
KARYRIE,15
KATAMATITE,453
KATAMATITE EAST,30
KATANDRA,120
KATANDRA WEST,492
KATUNGA,1025
KAWARREN,189
KEALBA,3226
KEELY,57
KEILOR,5906
KEILOR DOWNS,9857
KEILOR EAST,15078
KEILOR LODGE,1668
KEILOR NORTH,67
KEILOR PARK,2684
KELLALAC,13
KELVIN VIEW,76
KENLEY,64
KENMARE,3
KENNEDYS CREEK,44
KENNETT RIVER,74
KENNINGTON,5880
KENSINGTON,10745
KERANG,3960
KERANG EAST,44
KERGUNYAH,232
KERGUNYAH SOUTH,76
KERNOT,118
KERRIE,83
KERRISDALE,86
KEVINGTON,36
KEW,24499
KEW EAST,6620
KEWELL,57
KEYSBOROUGH,30018
KIALLA,8667
KIALLA EAST,170
KIALLA WEST,415
KIATA,64
KIEWA,483
KILCUNDA,578
KILLARA (GLENELG - VIC.),9
KILLARA (WODONGA - VIC.),1485
KILLARNEY,195
KILLAWARRA,391
KILLINGWORTH,156
KILMANY,165
KILMORE,9207
KILMORE EAST,450
KILSYTH,11699
KILSYTH SOUTH,2862
KIMBOLTON,96
KING VALLEY,87
KINGLAKE,1662
KINGLAKE CENTRAL,413
KINGLAKE WEST,1305
KINGOWER,46
KINGS PARK,8203
KINGSBURY,3460
KINGSTON,190
KINGSVILLE,3920
KINNABULLA,26
KINYPANIAL,12
KIRKSTALL,406
KIRWANS BRIDGE,134
KITHBROOK,67
KNEBSWORTH,22
KNOCKWOOD,0
KNOWSLEY,168
KNOXFIELD,7645
KOALLAH,28
KOETONG,26
KOLORA,188
KONGWAK,207
KONONGWOOTONG,60
KOO WEE RUP,4047
KOO WEE RUP NORTH,47
KOOLOONONG,19
KOONDA,26
KOONDROOK,1101
KOONOOMOO,305
KOONWARRA,366
KOOREH,29
KOORLONG,397
KOORNALLA,89
KOOROOCHEANG,41
KOOROOL,0
KOOROOMAN,115
KOOYONG,842
KORIELLA,66
KOROBEIT,75
KOROIT,2184
KORONG VALE,143
KOROOP,63
KORUMBURRA,4749
KORUMBURRA SOUTH,114
KORWEINGUBOORA,196
KOTTA,134
KOTUPNA,132
KOYUGA,355
KROWERA,134
KULWIN,16
KUNAT,45
KURRACA,5
KURRACA WEST,0
KURTING,61
KURUNJANG,10711
KYABRAM,7416
KYABRAM SOUTH,69
KYNETON,7513
KYNETON SOUTH,116
KYVALLEY,363
LAANECOORIE,179
LAANG,115
LABERTOUCHE,386
LACEBY,304
LADYS PASS,118
LAEN,4
LAEN EAST,6
LAEN NORTH,14
LAH,57
LAHARUM,162
LAKE BOGA,982
LAKE BOLAC,368
LAKE BUNGA,408
LAKE CHARM,147
LAKE CONDAH,9
LAKE EILDON,3
LAKE EPPALOCK,0
LAKE FYANS,23
LAKE GARDENS,1801
LAKE GOLDSMITH,22
LAKE LONSDALE,58
LAKE MARMAL,21
LAKE MERAN,22
LAKE MUNDI,37
LAKE POWELL,86
LAKE ROWAN,70
LAKE TYERS,4
LAKE TYERS BEACH,802
LAKE TYRRELL,0
LAKE WELLINGTON,0
LAKE WENDOUREE,2878
LAKE WONGAN,3
LAKES ENTRANCE,5145
LAL LAL,621
LALBERT,138
LALOR,23219
LAMPLOUGH,49
LANCASTER,398
LANCE CREEK,143
LANCEFIELD,2743
LANDSBOROUGH,200
LANDSBOROUGH WEST,49
LANG LANG,2556
LANG LANG EAST,94
LANGDONS HILL,23
LANGI KAL KAL,336
LANGI LOGAN,23
LANGKOOP,100
LANGLEY,52
LANGSBOROUGH,100
LANGWARRIN,23588
LANGWARRIN SOUTH,1346
LARA,19014
LARDNER,110
LARPENT,200
LASCELLES,82
LAUNCHING PLACE,2495
LAURISTON,247
LAVERS HILL,87
LAVERTON,4760
LAVERTON NORTH,119
LAWLER,16
LAWLOIT,14
LAWRENCE,8
LEAGHUR,20
LEARMONTH,396
LEDCOURT,43
LEICHARDT,167
LEIGH CREEK,65
LEITCHVILLE,576
LEMNOS,251
LENEVA,1317
LEONARDS HILL,47
LEONGATHA,5869
LEONGATHA NORTH,141
LEONGATHA SOUTH,616
LEOPOLD,13272
LERDERDERG,0
LESLIE MANOR,66
LETHBRIDGE,1181
LEXTON,284
LICOLA,7
LICOLA NORTH,9
LILLICO,94
LILLICUR,85
LILLIMUR,112
LILLIPUT,84
LILYDALE,17348
LIMA,92
LIMA EAST,165
LIMA SOUTH,142
LIMESTONE,121
LINDENOW,527
LINDENOW SOUTH,475
LINDSAY,9
LINDSAY POINT,32
LINGA,13
LINTON,635
LIPAROO,33
LISMORE,472
LITCHFIELD,36
LITTLE DESERT,5
LITTLE HAMPTON,74
LITTLE RIVER,1353
LLANELLY,62
LLOWALONG,42
LOCH,707
LOCH SPORT,1021
LOCH VALLEY,0
LOCKINGTON,850
LOCKSLEY,131
LOCKWOOD,806
LOCKWOOD SOUTH,1052
LODDON VALE,24
LOGAN,59
LONDRIGAN,159
LONG FOREST,343
LONG GULLY,3420
LONGERENONG,237
LONGFORD,1489
LONGLEA,570
LONGWARRY,2436
LONGWARRY NORTH,230
LONGWOOD,263
LONGWOOD EAST,131
LORNE,1327
LORQUON,8
LOVELY BANKS,2782
LOWER MOIRA,30
LOWER NORTON,236
LOWER PLENTY,3962
LOY YANG,7
LUBECK,40
LUCAS,2994
LUCKNOW,1439
LUCYVALE,25
LURG,220
LYNBROOK,9121
LYNDHURST,8926
LYONS,31
LYONVILLE,189
LYSTERFIELD,6681
LYSTERFIELD SOUTH,994
MACARTHUR,469
MACCLESFIELD,878
MACEDON,2073
MACKS CREEK,35
MACLEOD,9892
MACORNA,67
MACORNA NORTH,31
MACS COVE,121
MADALYA,21
MADDINGLEY,5491
MAFEKING,20
MAFFRA,5384
MAFFRA WEST UPPER,73
MAGPIE,368
MAIDEN GULLY,5407
MAIDSTONE,9389
MAILORS FLAT,490
MAIN LEAD,42
MAIN RIDGE,453
MAINDAMPLE,239
MAINTONGOON,75
MAJOR PLAINS,36
MAJORCA,198
MALDON,1665
MALLACOOTA,1183
MALMSBURY,905
MALVERN,9929
MALVERN EAST,22296
MAMBOURIN,315
MANANGATANG,274
MANDURANG,753
MANDURANG SOUTH,280
MANGALORE,183
MANIFOLD HEIGHTS,2681
MANNERIM,108
MANNIBADAR,65
MANNS BEACH,29
MANOR LAKES,12675
MANORINA,7
MANSFIELD,5541
MARAMINGO CREEK,6
MARCUS HILL,164
MARDAN,248
MARENGO,272
MARIBYRNONG,12573
MARIONVALE,116
MARKWOOD,230
MARLBED,6
MARLO,602
MARNOO,99
MARNOO EAST,6
MARNOO WEST,11
MARONG,2005
MAROONA,80
MARRAWEENEY,77
MARSHALL,2299
MARTHAVALE,0
MARUNGI,98
MARYBOROUGH,8160
MARYKNOLL,646
MARYSVILLE,501
MARYVALE,43
MASSEY,23
MATLOCK,7
MAUDE,211
MCCRAE,3311
MCINTYRE,47
MCKENZIE CREEK,140
MCKENZIE HILL,775
MCKINNON,6878
MCLOUGHLINS BEACH,121
MCMAHONS CREEK,143
MCMILLANS,87
MEAD,102
MEADOW CREEK,112
MEADOW HEIGHTS,14890
MEATIAN,19
MEENIYAN,840
MEERING WEST,12
MEERLIEU,90
MELBOURNE,54941
MELBOURNE AIRPORT,64
MELTON,7953
MELTON SOUTH,11362
MELTON WEST,8784
MELVILLE FOREST,63
MELWOOD,17
MENA PARK,32
MENTONE,13197
MENZIES CREEK,966
MEPUNGA,36
MEPUNGA EAST,73
MEPUNGA WEST,83
MERBEIN,2770
MERBEIN SOUTH,407
MERBEIN WEST,223
MEREDITH,821
MERINGUR,70
MERINO,249
MERNDA,23369
MERRIANG,182
MERRIANG SOUTH,43
MERRICKS,184
MERRICKS BEACH,157
MERRICKS NORTH,423
MERRIGUM,679
MERRIJIG (EAST GIPPSLAND - VIC.),0
MERRIJIG (MANSFIELD - VIC.),721
MERRIMU,397
MERRINEE,42
MERTON,216
METCALFE,190
METCALFE EAST,25
METUNG,1899
MIA MIA,213
MICKLEHAM,17452
MIDDLE CREEK,22
MIDDLE PARK,4000
MIDDLE TARWIN,91
MIEPOLL,223
MIGA LAKE,33
MILAWA,588
MILDURA,34565
MILL PARK,28712
MILLBROOK,180
MILLGROVE,1666
MILLOO,37
MILLTOWN,46
MILNES BRIDGE,31
MINCHA,62
MINCHA WEST,16
MINERS REST,3829
MINGAY,44
MINHAMITE,106
MINIMAY,64
MININERA,51
MINJAH,65
MINMINDIE,13
MINYIP,525
MIOWERA,0
MIRALIE,0
MIRAM,36
MIRBOO,334
MIRBOO NORTH,2263
MIRIMBAH,0
MIRRANATWA,31
MITCHAM,16795
MITCHELL PARK,887
MITCHELLSTOWN,71
MITIAMO,116
MITRE,66
MITTA MITTA,171
MITTYACK,12
MOCKINYA,30
MODELLA,169
MODEWARRE,277
MOE,9375
MOE SOUTH,529
MOGGS CREEK,120
MOGLONEMBY,28
MOKEPILLY,6
MOLESWORTH,91
MOLIAGUL,80
MOLKA,34
MOLLONGGHIP,105
MOLOGA,20
MOLYULLAH,160
MONBULK,3651
MONEGEETTA,207
MONGANS BRIDGE,49
MONOMAK,0
MONOMEITH,69
MONT ALBERT,4948
MONT ALBERT NORTH,5609
MONTGOMERY,65
MONTMORENCY,9250
MONTROSE,6900
MOOLAP,1825
MOOLERR,23
MOOLORT,44
MOONAMBEL,185
MOONDARRA,49
MOONEE PONDS,16224
MOONLIGHT FLAT (CENTRAL GOLDFIELDS - VIC.),85
MOONLIGHT FLAT (MOUNT ALEXANDER - VIC.),81
MOORA,32
MOORABBIN,6287
MOORABBIN AIRPORT,26
MOORABOOL,94
MOORALLA,79
MOORILIM,25
MOORMBOOL WEST,43
MOORNAPA,5
MOORNGAG,75
MOOROODUC,1004
MOOROOLBARK,23059
MOOROOPNA,8312
MOOROOPNA NORTH,144
MOOROOPNA NORTH WEST,67
MORANDING,193
MORDIALLOC,8886
MORGIANA,29
MORIAC,852
MORNINGTON,25759
MOROKA,0
MORRISONS,118
MORRL MORRL,0
MORTLAKE,1477
MORTON PLAINS,10
MORWELL,14389
MOSSIFACE,138
MOUNT ALFRED,39
MOUNT BEAUTY,910
MOUNT BECKWORTH,15
MOUNT BEST,46
MOUNT BOLTON,29
MOUNT BRUNO,47
MOUNT BUFFALO,5
MOUNT BULLER,333
MOUNT BURNETT,180
MOUNT BUTE,61
MOUNT CAMEL,136
MOUNT CAMERON,15
MOUNT CLEAR,3671
MOUNT COLE,21
MOUNT COLE CREEK,10
MOUNT COTTRELL,496
MOUNT DANDENONG,1271
MOUNT DORAN,118
MOUNT DRYDEN,8
MOUNT DUNEED,6182
MOUNT ECCLES,139
MOUNT EGERTON,706
MOUNT ELIZA,18734
MOUNT EMU,28
MOUNT EVELYN,9799
MOUNT FRANKLIN,99
MOUNT GLASGOW,92
MOUNT HELEN,3011
MOUNT HOOGHLY,18
MOUNT LONARCH,44
MOUNT MACEDON,1450
MOUNT MAJOR,10
MOUNT MARTHA,19846
MOUNT MERCER,94
MOUNT MORIAC,251
MOUNT NAPIER,16
MOUNT PLEASANT,2225
MOUNT PROSPECT,41
MOUNT RICHMOND,42
MOUNT ROWAN,295
MOUNT SABINE,0
MOUNT TASSIE,0
MOUNT TAYLOR,330
MOUNT TOOLEBEWONG,119
MOUNT WALLACE,117
MOUNT WAVERLEY,35340
MOUNTAIN BAY,54
MOUNTAIN VIEW,85
MOUTAJUP,108
MOYHU,437
MOYREISK,31
MOYSTON,403
MUCKATAH,170
MUCKLEFORD,426
MUCKLEFORD SOUTH,33
MUDGEGONGA,184
MULGRAVE,19889
MUMBANNAR,100
MUNDOONA,138
MUNRO,167
MUNTHAM,29
MURCHISON,884
MURCHISON EAST,140
MURCHISON NORTH,185
MURGHEBOLUC,132
MURMUNGEE,69
MURNUNGIN,14
MURPHYS CREEK,46
MURRA WARRA,63
MURRABIT,230
MURRABIT WEST,41
MURRAWEE,126
MURRAY-SUNSET,8
MURRAYDALE,105
MURRAYVILLE,278
MURRINDAL,8
MURRINDINDI,114
MURROON,95
MURRUMBEENA,9996
MURTOA,897
MUSK,177
MUSK VALE,170
MUSKERRY,59
MYALL (BULOKE - VIC.),17
MYALL (GANNAWARRA - VIC.),98
MYAMYN,64
MYERS FLAT,545
MYOLA,7
MYRNIONG,387
MYRRHEE,168
MYRTLE CREEK,68
MYRTLEBANK,126
MYRTLEFORD,3285
MYSIA,26
MYSTIC PARK,212
MYWEE,20
NAGAMBIE,2254
NALANGIL,72
NALINGA,22
NAMBROK,280
NANDALY,30
NANGANA,54
NANGEELA,17
NANGILOC,153
NANNEELLA,425
NAP NAP MARRA,0
NAPOLEONS,555
NAR NAR GOON,1023
NAR NAR GOON NORTH,819
NARBETHONG,201
NAREEB,48
NAREEN,79
NAREEWILLOCK,24
NARIEL VALLEY,87
NARING,122
NARINGAL,124
NARINGAL EAST,96
NAROGHID,66
NARRACAN,262
NARRAPORT,50
NARRAPUMELAP SOUTH,31
NARRAWONG,462
NARRE WARREN,27689
NARRE WARREN EAST,434
NARRE WARREN NORTH,8033
NARRE WARREN SOUTH,30909
NARRUNG,24
NATHALIA,1982
NATIMUK,548
NATTE YALLOCK,89
NATYA,40
NAVARRE,99
NAVIGATORS,276
NAYOOK,70
NEDS CORNER,3
NEEREMAN,23
NEERIM,218
NEERIM EAST,196
NEERIM JUNCTION,139
NEERIM NORTH,41
NEERIM SOUTH,1599
NEILBOROUGH,379
NELSE,0
NELSON,191
NERRENA,238
NERRIN NERRIN,48
NERRINA,970
NERRING,14
NETHERBY,111
NEUARPURR,56
NEW GISBORNE,2509
NEWBOROUGH,6886
NEWBRIDGE,171
NEWBURY,84
NEWCOMB,4704
NEWFIELD,59
NEWHAM,533
NEWHAVEN,547
NEWINGTON,1844
NEWLANDS ARM,866
NEWLYN,136
NEWLYN NORTH,230
NEWMERELLA,415
NEWPORT,13658
NEWRY,451
NEWSTEAD,820
NEWTOWN (GOLDEN PLAINS - VIC.),189
NEWTOWN (GREATER GEELONG - VIC.),10445
NHILL,2401
NICHOLS POINT,1723
NICHOLSON,1322
NIDDRIE,5901
NILMA,410
NILMA NORTH,344
NINDA,9
NINE MILE,19
NINTINGBOOL,168
NINYEUNOOK,13
NIRRANDA,50
NIRRANDA EAST,12
NIRRANDA SOUTH,90
NOBLE PARK,32257
NOBLE PARK NORTH,7436
NOOJEE,177
NOORAT,318
NOORAT EAST,17
NOORINBEE,84
NOORINBEE NORTH,37
NORADJUHA,89
NORLANE,8682
NORMANVILLE,34
NORONG,130
NORTH BENDIGO,4277
NORTH BLACKWOOD,50
NORTH GEELONG,3225
NORTH MELBOURNE,14953
NORTH SHORE,325
NORTH WANGARATTA,282
NORTH WARRANDYTE,3027
NORTH WONTHAGGI,3475
NORTHCOTE,25276
NORTHWOOD,203
NORVAL,40
NOTTING HILL,2895
NOWA NOWA,199
NOWHERE CREEK,20
NOWIE,24
NUG NUG,36
NUGGETTY,64
NULLA VALE,96
NULLAWARRE,233
NULLAWARRE NORTH,46
NULLAWIL,92
NUMURKAH,4604
NUNAWADING,12413
NUNGURNER,327
NUNNIONG,0
NURCOUNG,33
NURRABIEL,43
NURRAN,7
NUTFIELD,158
NYAH,536
NYAH WEST,673
NYARRIN,17
NYERIMILANG,3
NYORA,1644
NYRRABY,18
OAK PARK,6714
OAKLANDS JUNCTION,439
OAKLEIGH,8442
OAKLEIGH EAST,6804
OAKLEIGH SOUTH,9851
OAKVALE,19
OCEAN GRANGE,5
OCEAN GROVE,17714
OFFICER,18503
OFFICER SOUTH,1159
OLD TALLANGATTA,45
OLINDA,1773
OMBERSLEY,93
OMEO,411
OMEO VALLEY,9
ONDIT,101
ORBOST,2264
ORFORD,115
ORMOND,8328
ORRVALE,450
OSBORNES FLAT,285
OUTTRIM,270
OUYEN,1170
OVENS,197
OXLEY,710
OXLEY FLATS,49
OZENKADNOOK,25
PAARATTE,36
PAINSWICK,14
PAKENHAM,54118
PAKENHAM SOUTH,229
PAKENHAM UPPER,1196
PANITYA,67
PANMURE,442
PANTON HILL,1063
PARADISE,41
PARADISE BEACH,172
PARAPARAP,167
PARK ORCHARDS,3835
PARKDALE,12308
PARKVILLE,7074
PARWAN,188
PASCHENDALE,33
PASCOE VALE,18171
PASCOE VALE SOUTH,10534
PASTORIA,75
PASTORIA EAST,51
PATCHEWOLLOCK,149
PATHO,138
PATTERSON LAKES,7793
PATYAH,58
PAYNESVILLE,3636
PEARCEDALE,3867
PEARSONDALE,125
PEECHELBA,177
PEECHELBA EAST,54
PELLUEBLA,29
PENNYROYAL,110
PENSHURST,677
PENTAL ISLAND,159
PENTLAND HILLS,158
PERCYDALE,22
PERONNE,49
PERRY BRIDGE,72
PETERBOROUGH,322
PETTICOAT CREEK,7
PHEASANT CREEK,360
PIANGIL,230
PICOLA,206
PICOLA WEST,14
PIEDMONT,52
PIER MILAN,6
PIGEON PONDS,29
PIGGOREET,17
PIMPINIO,191
PINE GROVE,40
PINE LODGE,267
PINE MOUNTAIN,32
PINE VIEW,4
PIONEER BAY,365
PIPERS CREEK,189
PIRA,16
PIRIES,66
PIRRON YALLOCK,132
PITFIELD,14
PITTONG,12
PLENTY,2575
PLUMPTON,79
POINT COOK,66781
POINT LEO,178
POINT LONSDALE,3788
POINT WILSON,0
POLISBET,5
POMBORNEIT,73
POMBORNEIT EAST,42
POMBORNEIT NORTH,48
POMONAL,356
POMPAPIEL,38
POOLAIJELO,26
POOTILLA,79
POOWONG,717
POOWONG EAST,88
POOWONG NORTH,202
PORCUPINE RIDGE,149
POREPUNKAH,1024
PORT ALBERT,403
PORT CAMPBELL,440
PORT FAIRY,3742
PORT FRANKLIN,174
PORT MELBOURNE,17633
PORT WELSHPOOL,220
PORTARLINGTON,4436
PORTLAND,10016
PORTLAND NORTH,708
PORTLAND WEST,619
PORTSEA,787
POUND CREEK,126
POWELLTOWN,214
POWERS CREEK,5
POWLETT PLAINS,38
PRAHRAN,12203
PRAIRIE,37
PRANJIP,28
PRESTON,33790
PRINCES HILL,2005
PRINCETOWN,236
PUCKAPUNYAL,1108
PURA PURA,47
PURDEET,21
PURNIM,292
PURNIM WEST,50
PYALONG,772
PYRAMID HILL,598
QUAMBATOOK,229
QUANDONG,5
QUANTONG,354
QUARRY HILL,2365
QUEENSCLIFF,1516
RAGLAN,223
RAINBOW,672
RANCEBY,83
RATHSCAR,19
RATHSCAR WEST,31
RAVENHALL,2295
RAVENSWOOD,443
RAVENSWOOD SOUTH,76
RAWSON,296
RAYMOND ISLAND,589
RAYWOOD,329
RED CLIFFS,5294
RED HILL,1009
RED HILL SOUTH,708
RED LION,111
REDAN,3000
REDBANK,102
REDCASTLE,67
REDESDALE,299
REEDY CREEK,157
REEDY DAM,28
REEDY FLAT,6
REEDY LAKE,26
REEFTON,102
RESEARCH,2695
RESERVOIR,51096
REYNARD,0
RHEOLA,52
RHYLL,836
RHYMNEY,56
RIACHELLA,13
RICH AVON,3
RICH AVON EAST,7
RICH AVON WEST,34
RICHMOND,28587
RICHMOND PLAINS,9
RIDDELLS CREEK,4390
RIGGS CREEK,31
RINGWOOD,19144
RINGWOOD EAST,10764
RINGWOOD NORTH,9964
RIPPLEBROOK,268
RIPPLESIDE,994
RIPPONLEA,1532
RIVERSIDE,287
RIVERSLEA,165
ROBERTSONS BEACH,49
ROBINVALE,3497
ROCHESTER,3154
ROCHFORD,71
ROCKBANK,2583
ROCKLANDS,25
ROCKLYN,43
ROCKY POINT,4
ROKEBY,213
ROKEWOOD,208
ROKEWOOD JUNCTION,34
ROMSEY,5797
ROSANNA,8616
ROSE RIVER,26
ROSEBERY,0
ROSEBROOK,128
ROSEBUD,14381
ROSEDALE,1729
ROSES GAP,7
ROSEWHITE,141
ROSLYNMEAD,49
ROSS CREEK,1221
ROSSBRIDGE,27
ROSTRON,10
ROWSLEY,231
ROWVILLE,33571
ROXBURGH PARK,24129
RUBICON,44
RUBY,187
RUFFY,164
RUNNING CREEK,36
RUNNYMEDE,64
RUPANYUP,545
RUSHWORTH,1411
RUSSELLS BRIDGE,70
RUTHERGLEN,2579
RYANS,0
RYANSTON,324
RYE,9438
RYTHDALE,33
SAFETY BEACH,6328
SAILORS FALLS,79
SAILORS GULLY,743
SAILORS HILL,72
SALE,14296
SALISBURY WEST,38
SAMARIA,57
SAN REMO,1700
SANDFORD,130
SANDHILL LAKE,9
SANDHURST,5211
SANDON,89
SANDRINGHAM,10926
SANDY CREEK,200
SANDY POINT,312
SARGOOD,0
SARSFIELD,543
SASSAFRAS,970
SAWMILL SETTLEMENT,86
SCARSDALE,855
SCORESBY,6066
SCOTCHMANS LEAD,105
SCOTSBURN,244
SCOTTS CREEK,214
SEA LAKE,619
SEABROOK,4952
SEACOMBE,15
SEAFORD,17215
SEAHOLME,2067
SEASPRAY,373
SEATON,161
SEAVIEW,140
SEBASTIAN,251
SEBASTOPOL,10194
SEDDON,5143
SEDGWICK,614
SELBY,1626
SELWYN,0
SEPARATION CREEK,28
SERPENTINE,222
SERVICETON,129
SEVILLE,2559
SEVILLE EAST,837
SEYMOUR,6569
SHADY CREEK,186
SHAYS FLAT,3
SHE OAKS,126
SHEANS CREEK,38
SHEEP HILLS,27
SHELBOURNE,423
SHELFORD,263
SHELLEY,5
SHEPHERDS FLAT,71
SHEPPARTON,32067
SHEPPARTON EAST,1192
SHEPPARTON NORTH,2048
SHERBROOKE,294
SHOREHAM,679
SIDONIA,28
SILVAN,1323
SILVERLEAVES,322
SIMPSON,583
SIMPSONS CREEK,39
SIMSON,76
SKENES CREEK,249
SKENES CREEK NORTH,19
SKIBO,70
SKINNERS FLAT,27
SKIPTON,609
SKYE,8088
SLATY CREEK,34
SMEATON,245
SMITHS BEACH,315
SMITHS GULLY,356
SMOKEYTOWN,32
SMOKO,56
SMYTHES CREEK,1762
SMYTHESDALE,1189
SNAKE ISLAND,0
SNAKE VALLEY,820
SOLDIERS HILL,2813
SOMERS,1857
SOMERTON,6
SOMERVILLE,11767
SORRENTO,2013
SOUTH DUDLEY,421
SOUTH GEELONG,1014
SOUTH KINGSVILLE,2156
SOUTH MELBOURNE,11548
SOUTH MORANG,24989
SOUTH PURRUMBETE,124
SOUTH WHARF,71
SOUTH YARRA,25028
SOUTHBANK,22631
SOUTHERN CROSS,128
SPARGO CREEK,42
SPEED,53
SPOTSWOOD,2820
SPRING GULLY,3092
SPRING HILL,200
SPRINGBANK,117
SPRINGDALLAH,35
SPRINGFIELD (BULOKE - VIC.),9
SPRINGFIELD (MACEDON RANGES - VIC.),193
SPRINGHURST,349
SPRINGMOUNT,184
SPRINGVALE,22174
SPRINGVALE SOUTH,12766
ST ALBANS,38042
ST ALBANS PARK,4942
ST ANDREWS,1186
ST ANDREWS BEACH,974
ST ARNAUD,2318
ST ARNAUD EAST,100
ST ARNAUD NORTH,43
ST CLAIR,44
ST GERMAINS,75
ST HELENA,2890
ST HELENS,34
ST HELENS PLAINS,40
ST JAMES,123
ST KILDA,19490
ST KILDA EAST,12571
ST KILDA WEST,2951
ST LEONARDS,3542
STACEYS BRIDGE,44
STAFFORDSHIRE REEF,63
STAGHORN FLAT,368
STANHOPE,826
STANLEY,371
STAUGHTON VALE,105
STAVELY,47
STAWELL,6220
STEELS CREEK,276
STEIGLITZ,61
STEWARTON,118
STIRLING,0
STOCKDALE,41
STOCKYARD HILL,49
STONEHAVEN,79
STONELEIGH,45
STONY CREEK (CENTRAL GOLDFIELDS - VIC.),0
STONY CREEK (SOUTH GIPPSLAND - VIC.),310
STONYFORD,65
STRADBROKE,187
STRANGWAYS,101
STRATEN,11
STRATFORD,2980
STRATH CREEK,231
STRATHALLAN,180
STRATHBOGIE,351
STRATHDALE,5756
STRATHDOWNIE,176
STRATHEWEN,198
STRATHFIELDSAYE,6850
STRATHKELLAR,84
STRATHLEA,33
STRATHMERTON,1072
STRATHMORE,8980
STRATHMORE HEIGHTS,1047
STRATHTULLOH,3997
STREATHAM,158
STRZELECKI,107
STUART MILL,78
SUGARLOAF,20
SUGARLOAF CREEK,255
SUGGAN BUGGAN,5
SULKY,234
SUMMERLANDS,0
SUNBURY,38851
SUNDAY CREEK,368
SUNDERLAND BAY,306
SUNSET STRIP,503
SUNSHINE,9445
SUNSHINE NORTH,12047
SUNSHINE WEST,18552
SURF BEACH,670
SURREY HILLS,13655
SUTHERLAND,16
SUTHERLANDS CREEK,129
SUTTON,3
SUTTON GRANGE,160
SWAN BAY,103
SWAN HILL,11186
SWAN HILL WEST,11
SWAN ISLAND,0
SWAN MARSH,127
SWAN REACH,861
SWANPOOL,227
SWANWATER,10
SWANWATER WEST,17
SWIFTS CREEK,232
SYDENHAM,10578
SYLVATERRE,22
TABBERABBERA,0
TABILK,160
TABOR,38
TAGGERTY,405
TAHARA,30
TAHARA BRIDGE,20
TAHARA WEST,17
TALBOT,452
TALGARNO,245
TALLANDOON,92
TALLANGATTA,1175
TALLANGATTA EAST,39
TALLANGATTA SOUTH,142
TALLANGATTA VALLEY,194
TALLAROOK,748
TALLYGAROOPNA,600
TAMBO CROSSING,25
TAMBO UPPER,325
TAMBOON,3
TAMBORITHA,0
TAMINICK,139
TAMLEUGH,54
TAMLEUGH NORTH,24
TANDAROOK,46
TANDARRA,55
TANGAMBALANGA,908
TANJIL,0
TANJIL BREN,7
TANJIL SOUTH,540
TANWOOD,15
TANYBRYN,15
TARADALE,524
TARCOMBE,32
TARILTA,26
TARNAGULLA,153
TARNEIT,56370
TARNOOK,103
TAROON,25
TARRA VALLEY,85
TARRANYURK,36
TARRAVILLE,69
TARRAWARRA,81
TARRAWINGEE,416
TARRAYOUKYAN,25
TARRENGOWER,56
TARRENLEA,25
TARRINGTON,328
TARRONE,69
TARWIN,59
TARWIN LOWER,462
TATONG,281
TATURA,4955
TATURA EAST,135
TATYOON,130
TAWONGA,568
TAWONGA SOUTH,1012
TAYLOR BAY,76
TAYLORS HILL,15419
TAYLORS LAKES,15174
TEAL POINT,54
TECOMA,2064
TEDDYWADDY,23
TEDDYWADDY WEST,12
TEESDALE,2308
TELANGATUK EAST,75
TELFORD,21
TELOPEA DOWNS,44
TEMPLESTOWE,16966
TEMPLESTOWE LOWER,14098
TEMPY,62
TENBY POINT,206
TENNYSON,60
TERANG,2254
TERIP TERIP,72
TERRAPPEE,20
TERRICK TERRICK,8
TERRICK TERRICK EAST,8
TESBURY,110
TETOORA ROAD,93
THALIA,4
THE BASIN,4497
THE COVE,18
THE GURDIES,243
THE HEART,30
THE HONEYSUCKLES,131
THE PATCH,1046
THE SISTERS,110
THOLOGOLONG,22
THOMASTOWN,20234
THOMSON (BAW BAW - VIC.),0
THOMSON (GREATER GEELONG - VIC.),1606
THOONA,133
THORNBURY,19005
THORNHILL PARK,3066
THORNTON,311
THORPDALE,475
THORPDALE SOUTH,27
THOWGLA VALLEY,70
THREE BRIDGES,188
TIMBARRA,0
TIMBOON,1250
TIMBOON WEST,57
TIMMERING,90
TIMOR,68
TIMOR WEST,23
TINAMBA,358
TINAMBA WEST,63
TINTALDRA,66
TITTYBONG,3
TOL TOL,175
TOLMIE,547
TOM GROGGIN,7
TONGALA,1973
TONGHI CREEK,5
TONGIO,50
TONIMBUK,229
TOOAN,23
TOOBORAC,319
TOOLAMBA,822
TOOLAMBA WEST,110
TOOLANGI,366
TOOLERN VALE,818
TOOLLEEN,221
TOOLOME,0
TOOLONDO,74
TOOLONG,88
TOOMBON,0
TOONGABBIE,1085
TOORA,713
TOORA NORTH,107
TOORADIN,1722
TOORAK,12817
TOORLOO ARM,509
TOORONGO,0
TOOTGAROOK,3178
TORQUAY,18534
TORRITA,51
TORRUMBARRY,257
TORWOOD,49
TOSTAREE,23
TOTTENHAM,3
TOTTINGTON,5
TOURELLO,46
TOWAN,13
TOWANINNY,4
TOWANINNY SOUTH,0
TOWER HILL,83
TOWONG,143
TOWONG UPPER,37
TRAFALGAR,4349
TRAFALGAR EAST,401
TRAFALGAR SOUTH,305
TRAGOWEL,83
TRARALGON,26907
TRARALGON EAST,1780
TRARALGON SOUTH,553
TRAVANCORE,2116
TRAWALLA,140
TRAWOOL,90
TRAYNORS LAGOON,22
TREMONT,69
TRENTHAM,1382
TRENTHAM EAST,181
TRESCO,162
TRESCO WEST,153
TRIDA,87
TRUGANINA,36305
TUBBUT,13
TUERONG,357
TULKARA,9
TULLAMARINE,6733
TUNGAMAH,449
TUROAR,8
TURRIFF,30
TURRIFF EAST,7
TURTONS CREEK,33
TUTYE,21
TYAAK,85
TYABB,3449
TYENNA,4
TYERS,893
TYLDEN,645
TYNONG,523
TYNONG NORTH,440
TYNTYNDER,157
TYNTYNDER SOUTH,250
TYRENDARRA,198
TYRENDARRA EAST,19
TYRRELL,16
TYRRELL DOWNS,9
ULLINA,25
ULLSWATER,47
ULTIMA,173
ULTIMA EAST,0
ULUPNA,17
UNDERA,450
UNDERBOOL,215
UPOTIPOTPON,56
UPPER FERNTREE GULLY,3417
UPPER GUNDOWRING,120
UPPER LURG,107
UPPER PLENTY,415
UPPER RYANS CREEK,40
UPTON HILL,29
UPWEY,6818
VALENCIA CREEK,187
VASEY,45
VAUGHAN,55
VECTIS,184
VENTNOR,982
VENUS BAY,904
VERMONT,10993
VERMONT SOUTH,11954
VERVALE,44
VESPER,50
VICTORIA POINT,16
VICTORIA VALLEY,65
VIEWBANK,7030
VINIFERA,163
VIOLET TOWN,936
VITE VITE,37
VITE VITE NORTH,32
W TREE,47
WAAIA,420
WAANYARRA,57
WAARRE,0
WABONGA,0
WAGGARANDALL,52
WAHGUNYAH,1061
WAHRING,88
WAIL,44
WAIREWA,67
WAITCHIE,43
WAL WAL,37
WALDARA,677
WALHALLA,35
WALHALLA EAST,0
WALKERVILLE,130
WALKERVILLE NORTH,5
WALKERVILLE SOUTH,13
WALLACE,227
WALLACEDALE,94
WALLAGARAUGH,0
WALLALOO,11
WALLALOO EAST,12
WALLAN,15004
WALLINDUC,42
WALLINGTON,1515
WALLUP,28
WALMER,262
WALPA,157
WALPEUP,171
WALWA,191
WANDANA HEIGHTS,2195
WANDELLA,67
WANDILIGONG,522
WANDIN EAST,408
WANDIN NORTH,3132
WANDO BRIDGE,41
WANDO VALE,96
WANDONG,1477
WANDOWN,0
WANGANDARY,217
WANGARABELL,8
WANGARATTA,19214
WANGARATTA SOUTH,550
WANGIE,11
WANGOOM,237
WANNON,124
WANTIRNA,14237
WANTIRNA SOUTH,20754
WARANGA SHORES,314
WARATAH BAY,48
WARBURTON,2020
WAREEK,72
WARGAN,53
WARMUR,31
WARNCOORT,146
WARNE,13
WARNEET,565
WARRABKOOK,42
WARRACKNABEAL,2359
WARRAGUL,19856
WARRAGUL SOUTH,280
WARRAGUL WEST,33
WARRAK,68
WARRANDYTE,5541
WARRANDYTE SOUTH,671
WARRANWOOD,4820
WARRAYURE,50
WARRENBAYNE,144
WARRENHEIP,721
WARRENMANG,16
WARRION,204
WARRNAMBOOL,31308
WARROCK,46
WARRONG,77
WARTOOK,88
WATCHEM,124
WATCHEM WEST,29
WATCHUPGA,43
WATERFORD PARK,217
WATERHOLES,12
WATERLOO,122
WATERWAYS,2422
WATSONIA,5352
WATSONIA NORTH,3799
WATSONS CREEK,58
WATTLE BANK,250
WATTLE CREEK,0
WATTLE FLAT,104
WATTLE GLEN,1911
WATTLE HILL,11
WAUBRA,308
WAURN PONDS,4956
WAYGARA,20
WEATHERBOARD,52
WEDDERBURN,951
WEDDERBURN JUNCTION,20
WEE WEE RUP,31
WEEAPROINAH,15
WEERING,62
WEERITE,121
WEHLA,41
WEIR VIEWS,4348
WELLSFORD,144
WELSHMANS REEF,210
WELSHPOOL,361
WEMEN,128
WENDOUREE,10376
WENSLEYDALE,95
WENTWORTH,0
WERNETH,66
WERONA,43
WERRIBEE,50027
WERRIBEE SOUTH,2392
WERRIMULL,97
WESBURN,1052
WEST BENDIGO,378
WEST CREEK,113
WEST FOOTSCRAY,11729
WEST MELBOURNE,8025
WEST WODONGA,14794
WESTBURY,163
WESTBY,27
WESTMEADOWS,6502
WESTMERE,62
WHANREGARWEN,130
WHARPARILLA,483
WHEATSHEAF,252
WHEELERS HILL,20652
WHIPSTICK,18
WHIRILY,25
WHITE HILLS,3620
WHITEHEADS CREEK,347
WHITELAW,30
WHITFIELD,220
WHITLANDS,37
WHITTINGTON,3990
WHITTLESEA,6117
WHOOREL,25
WHOROULY,383
WHOROULY EAST,92
WHOROULY SOUTH,64
WHROO,45
WICKLIFFE,123
WILBY,192
WILD DOG VALLEY,78
WILDWOOD,244
WILKUR,28
WILLANGIE,35
WILLATOOK,53
WILLAURA,439
WILLAURA NORTH,33
WILLENABRINA,17
WILLIAMS LANDING,9448
WILLIAMSTOWN,14407
WILLIAMSTOWN NORTH,1622
WILLOW GROVE,654
WILLOWMAVIN,241
WILLOWVALE,10
WILLUNG,77
WILLUNG SOUTH,146
WILSONS HILL,88
WILSONS PROMONTORY,16
WIMBLEDON HEIGHTS,421
WINCHELSEA,2456
WINCHELSEA SOUTH,171
WINDERMERE,96
WINDSOR,7273
WINGAN RIVER,4
WINGEEL,26
WINJALLOK,18
WINLATON,0
WINNAMBOOL,8
WINNAP,14
WINNINDOO,127
WINSLOW,436
WINTER VALLEY,3440
WINTON,103
WINTON NORTH,8
WIRRATE,3
WISELEIGH,177
WODONGA,20259
WOLLERT,24407
WOMBAT CREEK,26
WOMBELANO,49
WON WRON,196
WONGA,44
WONGA PARK,3843
WONGARRA,47
WONGUNGARRA,0
WONNANGATTA,0
WONTHAGGI,5215
WONWONDAH,114
WONYIP,39
WOOD WOOD,91
WOODEND,6732
WOODEND NORTH,315
WOODFIELD,62
WOODFORD,436
WOODGLEN,52
WOODHOUSE,34
WOODLEIGH,126
WOODS POINT,33
WOODSIDE,374
WOODSIDE BEACH,114
WOODSTOCK,150
WOODSTOCK ON LODDON,36
WOODSTOCK WEST,45
WOODVALE,556
WOOL WOOL,55
WOOLAMAI,245
WOOLENOOK,0
WOOLSHED FLAT,13
WOOLSTHORPE,364
WOOMELANG,191
WOORAGEE,342
WOORARRA EAST,43
WOORARRA WEST,48
WOOREEN,91
WOORI YALLOCK,2964
WOORINEN,262
WOORINEN NORTH,94
WOORINEN SOUTH,404
WOORNDOO,160
WOOROONOOK,26
WOOSANG,12
WOOTONG VALE,32
WORROWING,0
WRATHUNG,0
WRIXON,0
WROXHAM,0
WUK WUK,86
WULGULMERANG,18
WULGULMERANG EAST,12
WULGULMERANG WEST,0
WUNGHNU,326
WURDIBOLUC,147
WURRUK,1177
WY YUNG,1940
WYCHEPROOF,610
WYCHEPROOF SOUTH,6
WYCHITELLA,29
WYCHITELLA NORTH,18
WYE RIVER,67
WYELANGTA,40
WYNDHAM VALE,20518
WYUNA,278
WYUNA EAST,106
YAAPEET,75
YABBA NORTH,104
YABBA SOUTH,32
YACKANDANDAH,2008
YALCA,222
YALLA-Y-POORA,13
YALLAMBIE,4161
YALLOURN,143
YALLOURN NORTH,1511
YALMY,0
YAMBUK,284
YAMBUNA,109
YAN YEAN,246
YANAC,69
YANAKIE,283
YANDO,45
YANDOIT,181
YANDOIT HILLS,44
YANGERY,113
YANGOURA,0
YANNATHAN,272
YAPEEN,272
YARCK,194
YARPTURK,63
YARRA GLEN,3012
YARRA JUNCTION,2875
YARRABERB,17
YARRAGON,1893
YARRAGON SOUTH,204
YARRAM,2136
YARRAMBAT,1602
YARRAVILLE,15636
YARRAWALLA,78
YARRAWONGA,8661
YARRAWONGA SOUTH,15
YARROWEYAH,551
YATCHAW,35
YAWONG HILLS,5
YEA,1789
YELLINGBO,582
YELTA,325
YENDON,320
YEO,124
YEODENE,107
YERING,138
YEUNGROON,34
YEUNGROON EAST,11
YIELIMA,93
YINNAR,1021
YINNAR SOUTH,675
YORK PLAINS,0
YOUANMITE,56
YOUARANG,34
YULECART,128
YUNDOOL,52
YUROKE,123
YUULONG,49
ZEERUST,147
ZUMSTEINS,0
NO USUAL ADDRESS,9089
MIGRATORY - OFFSHORE - SHIPPING,38
